chunk,entry_cap_cents,take_profit_cents,stop_loss_cents,hour_close_utc,entry_time_utc,entry_minute_of_hour,exit_time_utc,exit_minute_of_hour,exit_reason,spot_entry,spot_exit,low_exchange,low_market_key,low_strike,high_exchange,high_market_key,high_strike,width_usd,midpoint_distance_ratio,low_no_ask_cents,high_yes_ask_cents,entry_cost_raw_cents,entry_cost_fee_aware_usd_10sh,exit_low_no_bid_cents,exit_high_yes_bid_cents,exit_value_fee_aware_usd_10sh,realized_pnl_usd_10sh,realized_pnl_cents_per_share,latency_seconds
chunk_001_084,50.0,15.0,10.0,2026-03-29T00:00:00Z,2026-03-28T23:10:30Z,10.5,2026-03-28T23:10:31Z,10.517,stop_loss,66495.04,66501.2,polymarket,bitcoin-above-66400-on-march-28-2026-8pm-et,66400.0,kalshi,KXBTCD-26MAR2820-T66599.99,66600.0,200.0,0.0248,24.0,22.0,46.0,4.8613,9.0,19.0,2.631,-2.2303,-22.303,1.0
chunk_001_084,50.0,20.0,10.0,2026-03-29T00:00:00Z,2026-03-28T23:10:30Z,10.5,2026-03-28T23:10:31Z,10.517,stop_loss,66495.04,66501.2,polymarket,bitcoin-above-66400-on-march-28-2026-8pm-et,66400.0,kalshi,KXBTCD-26MAR2820-T66599.99,66600.0,200.0,0.0248,24.0,22.0,46.0,4.8613,9.0,19.0,2.631,-2.2303,-22.303,1.0
chunk_001_084,55.0,15.0,10.0,2026-03-29T00:00:00Z,2026-03-28T23:10:30Z,10.5,2026-03-28T23:10:31Z,10.517,stop_loss,66495.04,66501.2,polymarket,bitcoin-above-66400-on-march-28-2026-8pm-et,66400.0,kalshi,KXBTCD-26MAR2820-T66599.99,66600.0,200.0,0.0248,24.0,22.0,46.0,4.8613,9.0,19.0,2.631,-2.2303,-22.303,1.0
chunk_001_084,55.0,20.0,10.0,2026-03-29T00:00:00Z,2026-03-28T23:10:30Z,10.5,2026-03-28T23:10:31Z,10.517,stop_loss,66495.04,66501.2,polymarket,bitcoin-above-66400-on-march-28-2026-8pm-et,66400.0,kalshi,KXBTCD-26MAR2820-T66599.99,66600.0,200.0,0.0248,24.0,22.0,46.0,4.8613,9.0,19.0,2.631,-2.2303,-22.303,1.0
chunk_001_084,45.0,15.0,10.0,2026-03-29T14:00:00Z,2026-03-29T13:08:36Z,8.6,2026-03-29T13:08:37Z,8.617,stop_loss,66574.22,66560.41,polymarket,bitcoin-above-66400-on-march-29-2026-10am-et,66400.0,kalshi,KXBTCD-26MAR2910-T66699.99,66700.0,300.0,0.080733,18.0,25.0,43.0,4.5463,10.0,21.0,2.9152,-1.6311,-16.3107,1.0
chunk_001_084,45.0,20.0,10.0,2026-03-29T14:00:00Z,2026-03-29T13:08:36Z,8.6,2026-03-29T13:08:37Z,8.617,stop_loss,66574.22,66560.41,polymarket,bitcoin-above-66400-on-march-29-2026-10am-et,66400.0,kalshi,KXBTCD-26MAR2910-T66699.99,66700.0,300.0,0.080733,18.0,25.0,43.0,4.5463,10.0,21.0,2.9152,-1.6311,-16.3107,1.0
chunk_001_084,50.0,15.0,10.0,2026-03-29T14:00:00Z,2026-03-29T13:08:36Z,8.6,2026-03-29T13:08:37Z,8.617,stop_loss,66574.22,66560.41,polymarket,bitcoin-above-66400-on-march-29-2026-10am-et,66400.0,kalshi,KXBTCD-26MAR2910-T66699.99,66700.0,300.0,0.080733,18.0,25.0,43.0,4.5463,10.0,21.0,2.9152,-1.6311,-16.3107,1.0
chunk_001_084,50.0,20.0,10.0,2026-03-29T14:00:00Z,2026-03-29T13:08:36Z,8.6,2026-03-29T13:08:37Z,8.617,stop_loss,66574.22,66560.41,polymarket,bitcoin-above-66400-on-march-29-2026-10am-et,66400.0,kalshi,KXBTCD-26MAR2910-T66699.99,66700.0,300.0,0.080733,18.0,25.0,43.0,4.5463,10.0,21.0,2.9152,-1.6311,-16.3107,1.0
chunk_001_084,55.0,15.0,10.0,2026-03-29T14:00:00Z,2026-03-29T13:08:36Z,8.6,2026-03-29T13:08:37Z,8.617,stop_loss,66574.22,66560.41,polymarket,bitcoin-above-66400-on-march-29-2026-10am-et,66400.0,kalshi,KXBTCD-26MAR2910-T66699.99,66700.0,300.0,0.080733,18.0,25.0,43.0,4.5463,10.0,21.0,2.9152,-1.6311,-16.3107,1.0
chunk_001_084,55.0,20.0,10.0,2026-03-29T14:00:00Z,2026-03-29T13:08:36Z,8.6,2026-03-29T13:08:37Z,8.617,stop_loss,66574.22,66560.41,polymarket,bitcoin-above-66400-on-march-29-2026-10am-et,66400.0,kalshi,KXBTCD-26MAR2910-T66699.99,66700.0,300.0,0.080733,18.0,25.0,43.0,4.5463,10.0,21.0,2.9152,-1.6311,-16.3107,1.0
chunk_001_084,45.0,15.0,10.0,2026-03-29T23:00:00Z,2026-03-29T22:10:58Z,10.967,2026-03-29T22:10:59Z,10.983,stop_loss,66376.8,66372.0,polymarket,bitcoin-above-66200-on-march-29-2026-7pm-et,66200.0,kalshi,KXBTCD-26MAR2919-T66499.99,66500.0,300.0,0.089333,19.0,25.0,44.0,4.6508,9.0,21.0,2.821,-1.8298,-18.2978,1.0
chunk_001_084,45.0,20.0,10.0,2026-03-29T23:00:00Z,2026-03-29T22:10:58Z,10.967,2026-03-29T22:10:59Z,10.983,stop_loss,66376.8,66372.0,polymarket,bitcoin-above-66200-on-march-29-2026-7pm-et,66200.0,kalshi,KXBTCD-26MAR2919-T66499.99,66500.0,300.0,0.089333,19.0,25.0,44.0,4.6508,9.0,21.0,2.821,-1.8298,-18.2978,1.0
chunk_001_084,50.0,15.0,10.0,2026-03-29T23:00:00Z,2026-03-29T22:10:58Z,10.967,2026-03-29T22:10:59Z,10.983,stop_loss,66376.8,66372.0,polymarket,bitcoin-above-66200-on-march-29-2026-7pm-et,66200.0,kalshi,KXBTCD-26MAR2919-T66499.99,66500.0,300.0,0.089333,19.0,25.0,44.0,4.6508,9.0,21.0,2.821,-1.8298,-18.2978,1.0
chunk_001_084,50.0,20.0,10.0,2026-03-29T23:00:00Z,2026-03-29T22:10:58Z,10.967,2026-03-29T22:10:59Z,10.983,stop_loss,66376.8,66372.0,polymarket,bitcoin-above-66200-on-march-29-2026-7pm-et,66200.0,kalshi,KXBTCD-26MAR2919-T66499.99,66500.0,300.0,0.089333,19.0,25.0,44.0,4.6508,9.0,21.0,2.821,-1.8298,-18.2978,1.0
chunk_001_084,55.0,15.0,10.0,2026-03-29T23:00:00Z,2026-03-29T22:10:58Z,10.967,2026-03-29T22:10:59Z,10.983,stop_loss,66376.8,66372.0,polymarket,bitcoin-above-66200-on-march-29-2026-7pm-et,66200.0,kalshi,KXBTCD-26MAR2919-T66499.99,66500.0,300.0,0.089333,19.0,25.0,44.0,4.6508,9.0,21.0,2.821,-1.8298,-18.2978,1.0
chunk_001_084,55.0,20.0,10.0,2026-03-29T23:00:00Z,2026-03-29T22:10:58Z,10.967,2026-03-29T22:10:59Z,10.983,stop_loss,66376.8,66372.0,polymarket,bitcoin-above-66200-on-march-29-2026-7pm-et,66200.0,kalshi,KXBTCD-26MAR2919-T66499.99,66500.0,300.0,0.089333,19.0,25.0,44.0,4.6508,9.0,21.0,2.821,-1.8298,-18.2978,1.0
chunk_001_084,50.0,15.0,10.0,2026-03-30T18:00:00Z,2026-03-30T17:14:16Z,14.267,2026-03-30T17:14:17Z,14.283,stop_loss,67172.77,67186.74,polymarket,bitcoin-above-67000-on-march-30-2026-2pm-et,67000.0,kalshi,KXBTCD-26MAR3014-T67299.99,67300.0,300.0,0.0759,26.0,24.0,50.0,5.2685,18.0,23.0,3.8637,-1.4048,-14.048,1.0
chunk_001_084,50.0,20.0,10.0,2026-03-30T18:00:00Z,2026-03-30T17:14:16Z,14.267,2026-03-30T17:14:17Z,14.283,stop_loss,67172.77,67186.74,polymarket,bitcoin-above-67000-on-march-30-2026-2pm-et,67000.0,kalshi,KXBTCD-26MAR3014-T67299.99,67300.0,300.0,0.0759,26.0,24.0,50.0,5.2685,18.0,23.0,3.8637,-1.4048,-14.048,1.0
chunk_001_084,55.0,15.0,10.0,2026-03-30T18:00:00Z,2026-03-30T17:14:16Z,14.267,2026-03-30T17:14:17Z,14.283,stop_loss,67172.77,67186.74,polymarket,bitcoin-above-67000-on-march-30-2026-2pm-et,67000.0,kalshi,KXBTCD-26MAR3014-T67299.99,67300.0,300.0,0.0759,26.0,24.0,50.0,5.2685,18.0,23.0,3.8637,-1.4048,-14.048,1.0
chunk_001_084,55.0,20.0,10.0,2026-03-30T18:00:00Z,2026-03-30T17:14:16Z,14.267,2026-03-30T17:14:17Z,14.283,stop_loss,67172.77,67186.74,polymarket,bitcoin-above-67000-on-march-30-2026-2pm-et,67000.0,kalshi,KXBTCD-26MAR3014-T67299.99,67300.0,300.0,0.0759,26.0,24.0,50.0,5.2685,18.0,23.0,3.8637,-1.4048,-14.048,1.0
chunk_001_084,55.0,15.0,10.0,2026-03-30T20:00:00Z,2026-03-30T19:05:21Z,5.35,2026-03-30T19:05:22Z,5.367,stop_loss,66570.77,66570.77,polymarket,bitcoin-above-66400-on-march-30-2026-4pm-et,66400.0,kalshi,KXBTCD-26MAR3016-T66699.99,66700.0,300.0,0.069233,30.0,25.0,55.0,5.7912,23.0,25.0,4.5325,-1.2587,-12.5871,1.0
chunk_001_084,55.0,20.0,10.0,2026-03-30T20:00:00Z,2026-03-30T19:05:21Z,5.35,2026-03-30T19:05:22Z,5.367,stop_loss,66570.77,66570.77,polymarket,bitcoin-above-66400-on-march-30-2026-4pm-et,66400.0,kalshi,KXBTCD-26MAR3016-T66699.99,66700.0,300.0,0.069233,30.0,25.0,55.0,5.7912,23.0,25.0,4.5325,-1.2587,-12.5871,1.0
chunk_001_084,45.0,15.0,10.0,2026-03-30T23:00:00Z,2026-03-30T22:11:27Z,11.45,2026-03-30T22:11:28Z,11.467,stop_loss,66740.4,66732.33,polymarket,bitcoin-above-66600-on-march-30-2026-7pm-et,66600.0,kalshi,KXBTCD-26MAR3019-T66899.99,66900.0,300.0,0.032,27.0,18.0,45.0,4.7519,19.0,16.0,3.2892,-1.4627,-14.6272,1.0
chunk_001_084,45.0,20.0,10.0,2026-03-30T23:00:00Z,2026-03-30T22:11:27Z,11.45,2026-03-30T22:11:28Z,11.467,stop_loss,66740.4,66732.33,polymarket,bitcoin-above-66600-on-march-30-2026-7pm-et,66600.0,kalshi,KXBTCD-26MAR3019-T66899.99,66900.0,300.0,0.032,27.0,18.0,45.0,4.7519,19.0,16.0,3.2892,-1.4627,-14.6272,1.0
chunk_001_084,50.0,15.0,10.0,2026-03-30T23:00:00Z,2026-03-30T22:10:18Z,10.3,2026-03-30T22:10:19Z,10.317,stop_loss,66732.32,66732.31,polymarket,bitcoin-above-66600-on-march-30-2026-7pm-et,66600.0,kalshi,KXBTCD-26MAR3019-T66899.99,66900.0,300.0,0.058933,29.0,18.0,47.0,4.9582,22.0,16.0,3.5764,-1.3818,-13.818,1.0
chunk_001_084,50.0,20.0,10.0,2026-03-30T23:00:00Z,2026-03-30T22:10:18Z,10.3,2026-03-30T22:10:19Z,10.317,stop_loss,66732.32,66732.31,polymarket,bitcoin-above-66600-on-march-30-2026-7pm-et,66600.0,kalshi,KXBTCD-26MAR3019-T66899.99,66900.0,300.0,0.058933,29.0,18.0,47.0,4.9582,22.0,16.0,3.5764,-1.3818,-13.818,1.0
chunk_001_084,55.0,15.0,10.0,2026-03-30T23:00:00Z,2026-03-30T22:10:18Z,10.3,2026-03-30T22:10:19Z,10.317,stop_loss,66732.32,66732.31,polymarket,bitcoin-above-66600-on-march-30-2026-7pm-et,66600.0,kalshi,KXBTCD-26MAR3019-T66899.99,66900.0,300.0,0.058933,29.0,18.0,47.0,4.9582,22.0,16.0,3.5764,-1.3818,-13.818,1.0
chunk_001_084,55.0,20.0,10.0,2026-03-30T23:00:00Z,2026-03-30T22:10:18Z,10.3,2026-03-30T22:10:19Z,10.317,stop_loss,66732.32,66732.31,polymarket,bitcoin-above-66600-on-march-30-2026-7pm-et,66600.0,kalshi,KXBTCD-26MAR3019-T66899.99,66900.0,300.0,0.058933,29.0,18.0,47.0,4.9582,22.0,16.0,3.5764,-1.3818,-13.818,1.0
chunk_001_084,50.0,15.0,10.0,2026-03-31T01:00:00Z,2026-03-31T00:12:19Z,12.317,2026-03-31T00:12:20Z,12.333,stop_loss,66570.68,66570.69,polymarket,bitcoin-above-66400-on-march-30-2026-9pm-et,66400.0,kalshi,KXBTCD-26MAR3021-T66699.99,66700.0,300.0,0.068933,23.0,23.0,46.0,4.8575,15.0,21.0,3.3882,-1.4693,-14.6931,1.0
chunk_001_084,50.0,20.0,10.0,2026-03-31T01:00:00Z,2026-03-31T00:12:19Z,12.317,2026-03-31T00:12:20Z,12.333,stop_loss,66570.68,66570.69,polymarket,bitcoin-above-66400-on-march-30-2026-9pm-et,66400.0,kalshi,KXBTCD-26MAR3021-T66699.99,66700.0,300.0,0.068933,23.0,23.0,46.0,4.8575,15.0,21.0,3.3882,-1.4693,-14.6931,1.0
chunk_001_084,55.0,15.0,10.0,2026-03-31T01:00:00Z,2026-03-31T00:12:19Z,12.317,2026-03-31T00:12:20Z,12.333,stop_loss,66570.68,66570.69,polymarket,bitcoin-above-66400-on-march-30-2026-9pm-et,66400.0,kalshi,KXBTCD-26MAR3021-T66699.99,66700.0,300.0,0.068933,23.0,23.0,46.0,4.8575,15.0,21.0,3.3882,-1.4693,-14.6931,1.0
chunk_001_084,55.0,20.0,10.0,2026-03-31T01:00:00Z,2026-03-31T00:12:19Z,12.317,2026-03-31T00:12:20Z,12.333,stop_loss,66570.68,66570.69,polymarket,bitcoin-above-66400-on-march-30-2026-9pm-et,66400.0,kalshi,KXBTCD-26MAR3021-T66699.99,66700.0,300.0,0.068933,23.0,23.0,46.0,4.8575,15.0,21.0,3.3882,-1.4693,-14.6931,1.0
chunk_001_084,50.0,15.0,10.0,2026-04-01T01:00:00Z,2026-04-01T00:05:33Z,5.55,2026-04-01T00:05:34Z,5.567,stop_loss,68143.75,68143.74,polymarket,bitcoin-above-68000-on-march-31-2026-9pm-et,68000.0,kalshi,KXBTCD-26MAR3121-T68299.99,68300.0,300.0,0.020833,28.0,22.0,50.0,5.2752,17.0,20.0,3.4784,-1.7967,-17.9674,1.0
chunk_001_084,50.0,20.0,10.0,2026-04-01T01:00:00Z,2026-04-01T00:05:33Z,5.55,2026-04-01T00:05:34Z,5.567,stop_loss,68143.75,68143.74,polymarket,bitcoin-above-68000-on-march-31-2026-9pm-et,68000.0,kalshi,KXBTCD-26MAR3121-T68299.99,68300.0,300.0,0.020833,28.0,22.0,50.0,5.2752,17.0,20.0,3.4784,-1.7967,-17.9674,1.0
chunk_001_084,55.0,15.0,10.0,2026-04-01T01:00:00Z,2026-04-01T00:05:07Z,5.117,2026-04-01T00:05:08Z,5.133,stop_loss,68173.67,68173.67,polymarket,bitcoin-above-68000-on-march-31-2026-9pm-et,68000.0,kalshi,KXBTCD-26MAR3121-T68299.99,68300.0,300.0,0.0789,28.0,27.0,55.0,5.7852,17.0,26.0,4.0584,-1.7267,-17.2674,1.0
chunk_001_084,55.0,20.0,10.0,2026-04-01T01:00:00Z,2026-04-01T00:05:07Z,5.117,2026-04-01T00:05:08Z,5.133,stop_loss,68173.67,68173.67,polymarket,bitcoin-above-68000-on-march-31-2026-9pm-et,68000.0,kalshi,KXBTCD-26MAR3121-T68299.99,68300.0,300.0,0.0789,28.0,27.0,55.0,5.7852,17.0,26.0,4.0584,-1.7267,-17.2674,1.0
chunk_001_084,45.0,15.0,10.0,2026-04-01T03:00:00Z,2026-04-01T02:06:55Z,6.917,2026-04-01T02:06:56Z,6.933,stop_loss,67778.01,67778.01,polymarket,bitcoin-above-67600-on-march-31-2026-11pm-et,67600.0,kalshi,KXBTCD-26MAR3123-T67899.99,67900.0,300.0,0.093367,20.0,25.0,45.0,4.7552,11.0,23.0,3.1995,-1.5557,-15.5569,1.0
chunk_001_084,45.0,20.0,10.0,2026-04-01T03:00:00Z,2026-04-01T02:06:55Z,6.917,2026-04-01T02:06:56Z,6.933,stop_loss,67778.01,67778.01,polymarket,bitcoin-above-67600-on-march-31-2026-11pm-et,67600.0,kalshi,KXBTCD-26MAR3123-T67899.99,67900.0,300.0,0.093367,20.0,25.0,45.0,4.7552,11.0,23.0,3.1995,-1.5557,-15.5569,1.0
chunk_001_084,50.0,15.0,10.0,2026-04-01T03:00:00Z,2026-04-01T02:06:55Z,6.917,2026-04-01T02:06:56Z,6.933,stop_loss,67778.01,67778.01,polymarket,bitcoin-above-67600-on-march-31-2026-11pm-et,67600.0,kalshi,KXBTCD-26MAR3123-T67899.99,67900.0,300.0,0.093367,20.0,25.0,45.0,4.7552,11.0,23.0,3.1995,-1.5557,-15.5569,1.0
chunk_001_084,50.0,20.0,10.0,2026-04-01T03:00:00Z,2026-04-01T02:06:55Z,6.917,2026-04-01T02:06:56Z,6.933,stop_loss,67778.01,67778.01,polymarket,bitcoin-above-67600-on-march-31-2026-11pm-et,67600.0,kalshi,KXBTCD-26MAR3123-T67899.99,67900.0,300.0,0.093367,20.0,25.0,45.0,4.7552,11.0,23.0,3.1995,-1.5557,-15.5569,1.0
chunk_001_084,55.0,15.0,10.0,2026-04-01T03:00:00Z,2026-04-01T02:06:55Z,6.917,2026-04-01T02:06:56Z,6.933,stop_loss,67778.01,67778.01,polymarket,bitcoin-above-67600-on-march-31-2026-11pm-et,67600.0,kalshi,KXBTCD-26MAR3123-T67899.99,67900.0,300.0,0.093367,20.0,25.0,45.0,4.7552,11.0,23.0,3.1995,-1.5557,-15.5569,1.0
chunk_001_084,55.0,20.0,10.0,2026-04-01T03:00:00Z,2026-04-01T02:06:55Z,6.917,2026-04-01T02:06:56Z,6.933,stop_loss,67778.01,67778.01,polymarket,bitcoin-above-67600-on-march-31-2026-11pm-et,67600.0,kalshi,KXBTCD-26MAR3123-T67899.99,67900.0,300.0,0.093367,20.0,25.0,45.0,4.7552,11.0,23.0,3.1995,-1.5557,-15.5569,1.0
chunk_085_168,45.0,15.0,10.0,2026-04-01T18:00:00Z,2026-04-01T17:12:55Z,12.917,2026-04-01T17:12:56Z,12.933,stop_loss,68752.64,68752.64,polymarket,bitcoin-above-68600-on-april-1-2026-2pm-et,68600.0,kalshi,KXBTCD-26APR0114-T68899.99,68900.0,300.0,0.0088,16.0,29.0,45.0,4.7468,8.0,27.0,3.307,-1.4398,-14.3976,1.0
chunk_085_168,45.0,20.0,10.0,2026-04-01T18:00:00Z,2026-04-01T17:12:55Z,12.917,2026-04-01T17:12:56Z,12.933,stop_loss,68752.64,68752.64,polymarket,bitcoin-above-68600-on-april-1-2026-2pm-et,68600.0,kalshi,KXBTCD-26APR0114-T68899.99,68900.0,300.0,0.0088,16.0,29.0,45.0,4.7468,8.0,27.0,3.307,-1.4398,-14.3976,1.0
chunk_085_168,50.0,15.0,10.0,2026-04-01T18:00:00Z,2026-04-01T17:12:55Z,12.917,2026-04-01T17:12:56Z,12.933,stop_loss,68752.64,68752.64,polymarket,bitcoin-above-68600-on-april-1-2026-2pm-et,68600.0,kalshi,KXBTCD-26APR0114-T68899.99,68900.0,300.0,0.0088,16.0,29.0,45.0,4.7468,8.0,27.0,3.307,-1.4398,-14.3976,1.0
chunk_085_168,50.0,20.0,10.0,2026-04-01T18:00:00Z,2026-04-01T17:12:55Z,12.917,2026-04-01T17:12:56Z,12.933,stop_loss,68752.64,68752.64,polymarket,bitcoin-above-68600-on-april-1-2026-2pm-et,68600.0,kalshi,KXBTCD-26APR0114-T68899.99,68900.0,300.0,0.0088,16.0,29.0,45.0,4.7468,8.0,27.0,3.307,-1.4398,-14.3976,1.0
chunk_085_168,55.0,15.0,10.0,2026-04-01T18:00:00Z,2026-04-01T17:12:55Z,12.917,2026-04-01T17:12:56Z,12.933,stop_loss,68752.64,68752.64,polymarket,bitcoin-above-68600-on-april-1-2026-2pm-et,68600.0,kalshi,KXBTCD-26APR0114-T68899.99,68900.0,300.0,0.0088,16.0,29.0,45.0,4.7468,8.0,27.0,3.307,-1.4398,-14.3976,1.0
chunk_085_168,55.0,20.0,10.0,2026-04-01T18:00:00Z,2026-04-01T17:12:55Z,12.917,2026-04-01T17:12:56Z,12.933,stop_loss,68752.64,68752.64,polymarket,bitcoin-above-68600-on-april-1-2026-2pm-et,68600.0,kalshi,KXBTCD-26APR0114-T68899.99,68900.0,300.0,0.0088,16.0,29.0,45.0,4.7468,8.0,27.0,3.307,-1.4398,-14.3976,1.0
chunk_085_168,45.0,15.0,10.0,2026-04-02T10:00:00Z,2026-04-02T09:03:05Z,3.083,2026-04-02T09:03:06Z,3.1,stop_loss,66370.79,66372.2,polymarket,bitcoin-above-66200-on-april-2-2026-6am-et,66200.0,kalshi,KXBTCD-26APR0206-T66499.99,66500.0,300.0,0.0693,11.0,29.0,40.0,4.2205,4.0,25.0,2.7324,-1.4881,-14.8814,1.0
chunk_085_168,45.0,20.0,10.0,2026-04-02T10:00:00Z,2026-04-02T09:03:05Z,3.083,2026-04-02T09:03:06Z,3.1,stop_loss,66370.79,66372.2,polymarket,bitcoin-above-66200-on-april-2-2026-6am-et,66200.0,kalshi,KXBTCD-26APR0206-T66499.99,66500.0,300.0,0.0693,11.0,29.0,40.0,4.2205,4.0,25.0,2.7324,-1.4881,-14.8814,1.0
chunk_085_168,50.0,15.0,10.0,2026-04-02T10:00:00Z,2026-04-02T09:03:05Z,3.083,2026-04-02T09:03:06Z,3.1,stop_loss,66370.79,66372.2,polymarket,bitcoin-above-66200-on-april-2-2026-6am-et,66200.0,kalshi,KXBTCD-26APR0206-T66499.99,66500.0,300.0,0.0693,11.0,29.0,40.0,4.2205,4.0,25.0,2.7324,-1.4881,-14.8814,1.0
chunk_085_168,50.0,20.0,10.0,2026-04-02T10:00:00Z,2026-04-02T09:03:05Z,3.083,2026-04-02T09:03:06Z,3.1,stop_loss,66370.79,66372.2,polymarket,bitcoin-above-66200-on-april-2-2026-6am-et,66200.0,kalshi,KXBTCD-26APR0206-T66499.99,66500.0,300.0,0.0693,11.0,29.0,40.0,4.2205,4.0,25.0,2.7324,-1.4881,-14.8814,1.0
chunk_085_168,55.0,15.0,10.0,2026-04-02T10:00:00Z,2026-04-02T09:03:05Z,3.083,2026-04-02T09:03:06Z,3.1,stop_loss,66370.79,66372.2,polymarket,bitcoin-above-66200-on-april-2-2026-6am-et,66200.0,kalshi,KXBTCD-26APR0206-T66499.99,66500.0,300.0,0.0693,11.0,29.0,40.0,4.2205,4.0,25.0,2.7324,-1.4881,-14.8814,1.0
chunk_085_168,55.0,20.0,10.0,2026-04-02T10:00:00Z,2026-04-02T09:03:05Z,3.083,2026-04-02T09:03:06Z,3.1,stop_loss,66370.79,66372.2,polymarket,bitcoin-above-66200-on-april-2-2026-6am-et,66200.0,kalshi,KXBTCD-26APR0206-T66499.99,66500.0,300.0,0.0693,11.0,29.0,40.0,4.2205,4.0,25.0,2.7324,-1.4881,-14.8814,1.0
chunk_085_168,50.0,15.0,10.0,2026-04-03T04:00:00Z,2026-04-03T03:13:55Z,13.917,2026-04-03T03:13:56Z,13.933,stop_loss,66644.31,66644.31,kalshi,KXBTCD-26APR0300-T66499.99,66500.0,polymarket,bitcoin-above-66800-on-april-3-2026-12am-et,66800.0,300.0,0.018967,26.0,24.0,50.0,5.2713,25.0,19.0,4.1492,-1.1221,-11.2214,1.0
chunk_085_168,50.0,20.0,10.0,2026-04-03T04:00:00Z,2026-04-03T03:13:55Z,13.917,2026-04-03T03:13:56Z,13.933,stop_loss,66644.31,66644.31,kalshi,KXBTCD-26APR0300-T66499.99,66500.0,polymarket,bitcoin-above-66800-on-april-3-2026-12am-et,66800.0,300.0,0.018967,26.0,24.0,50.0,5.2713,25.0,19.0,4.1492,-1.1221,-11.2214,1.0
chunk_085_168,55.0,15.0,10.0,2026-04-03T04:00:00Z,2026-04-03T03:13:49Z,13.817,2026-04-03T03:13:50Z,13.833,stop_loss,66644.3,66644.3,kalshi,KXBTCD-26APR0300-T66499.99,66500.0,polymarket,bitcoin-above-66800-on-april-3-2026-12am-et,66800.0,300.0,0.019,30.0,25.0,55.0,5.785,26.0,17.0,4.0584,-1.7266,-17.2659,1.0
chunk_085_168,55.0,20.0,10.0,2026-04-03T04:00:00Z,2026-04-03T03:13:49Z,13.817,2026-04-03T03:13:50Z,13.833,stop_loss,66644.3,66644.3,kalshi,KXBTCD-26APR0300-T66499.99,66500.0,polymarket,bitcoin-above-66800-on-april-3-2026-12am-et,66800.0,300.0,0.019,30.0,25.0,55.0,5.785,26.0,17.0,4.0584,-1.7266,-17.2659,1.0
chunk_085_168,45.0,15.0,10.0,2026-04-03T07:00:00Z,2026-04-03T06:04:59Z,4.983,2026-04-03T06:05:00Z,5.0,stop_loss,66570.36,66570.36,polymarket,bitcoin-above-66400-on-april-3-2026-3am-et,66400.0,kalshi,KXBTCD-26APR0303-T66699.99,66700.0,300.0,0.067867,16.0,27.0,43.0,4.5368,9.0,26.0,3.301,-1.2357,-12.3574,1.0
chunk_085_168,45.0,20.0,10.0,2026-04-03T07:00:00Z,2026-04-03T06:04:59Z,4.983,2026-04-03T06:05:00Z,5.0,stop_loss,66570.36,66570.36,polymarket,bitcoin-above-66400-on-april-3-2026-3am-et,66400.0,kalshi,KXBTCD-26APR0303-T66699.99,66700.0,300.0,0.067867,16.0,27.0,43.0,4.5368,9.0,26.0,3.301,-1.2357,-12.3574,1.0
chunk_085_168,50.0,15.0,10.0,2026-04-03T07:00:00Z,2026-04-03T06:04:59Z,4.983,2026-04-03T06:05:00Z,5.0,stop_loss,66570.36,66570.36,polymarket,bitcoin-above-66400-on-april-3-2026-3am-et,66400.0,kalshi,KXBTCD-26APR0303-T66699.99,66700.0,300.0,0.067867,16.0,27.0,43.0,4.5368,9.0,26.0,3.301,-1.2357,-12.3574,1.0
chunk_085_168,50.0,20.0,10.0,2026-04-03T07:00:00Z,2026-04-03T06:04:59Z,4.983,2026-04-03T06:05:00Z,5.0,stop_loss,66570.36,66570.36,polymarket,bitcoin-above-66400-on-april-3-2026-3am-et,66400.0,kalshi,KXBTCD-26APR0303-T66699.99,66700.0,300.0,0.067867,16.0,27.0,43.0,4.5368,9.0,26.0,3.301,-1.2357,-12.3574,1.0
chunk_085_168,55.0,15.0,10.0,2026-04-03T07:00:00Z,2026-04-03T06:04:59Z,4.983,2026-04-03T06:05:00Z,5.0,stop_loss,66570.36,66570.36,polymarket,bitcoin-above-66400-on-april-3-2026-3am-et,66400.0,kalshi,KXBTCD-26APR0303-T66699.99,66700.0,300.0,0.067867,16.0,27.0,43.0,4.5368,9.0,26.0,3.301,-1.2357,-12.3574,1.0
chunk_085_168,55.0,20.0,10.0,2026-04-03T07:00:00Z,2026-04-03T06:04:59Z,4.983,2026-04-03T06:05:00Z,5.0,stop_loss,66570.36,66570.36,polymarket,bitcoin-above-66400-on-april-3-2026-3am-et,66400.0,kalshi,KXBTCD-26APR0303-T66699.99,66700.0,300.0,0.067867,16.0,27.0,43.0,4.5368,9.0,26.0,3.301,-1.2357,-12.3574,1.0
chunk_085_168,45.0,15.0,10.0,2026-04-03T09:00:00Z,2026-04-03T08:07:53Z,7.883,2026-04-03T08:07:54Z,7.9,stop_loss,67221.99,67221.99,kalshi,KXBTCD-26APR0305-T67099.99,67100.0,polymarket,bitcoin-above-67400-on-april-3-2026-5am-et,67400.0,300.0,0.093367,25.0,18.0,43.0,4.5463,24.0,11.0,3.2995,-1.2468,-12.4676,1.0
chunk_085_168,45.0,20.0,10.0,2026-04-03T09:00:00Z,2026-04-03T08:07:53Z,7.883,2026-04-03T08:07:54Z,7.9,stop_loss,67221.99,67221.99,kalshi,KXBTCD-26APR0305-T67099.99,67100.0,polymarket,bitcoin-above-67400-on-april-3-2026-5am-et,67400.0,300.0,0.093367,25.0,18.0,43.0,4.5463,24.0,11.0,3.2995,-1.2468,-12.4676,1.0
chunk_085_168,50.0,15.0,10.0,2026-04-03T09:00:00Z,2026-04-03T08:07:45Z,7.75,2026-04-03T08:07:46Z,7.767,stop_loss,67222.61,67222.6,kalshi,KXBTCD-26APR0305-T67099.99,67100.0,polymarket,bitcoin-above-67400-on-april-3-2026-5am-et,67400.0,300.0,0.0913,30.0,18.0,48.0,5.0563,26.0,9.0,3.301,-1.7552,-17.5524,1.0
chunk_085_168,50.0,20.0,10.0,2026-04-03T09:00:00Z,2026-04-03T08:07:45Z,7.75,2026-04-03T08:07:46Z,7.767,stop_loss,67222.61,67222.6,kalshi,KXBTCD-26APR0305-T67099.99,67100.0,polymarket,bitcoin-above-67400-on-april-3-2026-5am-et,67400.0,300.0,0.0913,30.0,18.0,48.0,5.0563,26.0,9.0,3.301,-1.7552,-17.5524,1.0
chunk_085_168,55.0,15.0,10.0,2026-04-03T09:00:00Z,2026-04-03T08:07:45Z,7.75,2026-04-03T08:07:46Z,7.767,stop_loss,67222.61,67222.6,kalshi,KXBTCD-26APR0305-T67099.99,67100.0,polymarket,bitcoin-above-67400-on-april-3-2026-5am-et,67400.0,300.0,0.0913,30.0,18.0,48.0,5.0563,26.0,9.0,3.301,-1.7552,-17.5524,1.0
chunk_085_168,55.0,20.0,10.0,2026-04-03T09:00:00Z,2026-04-03T08:07:45Z,7.75,2026-04-03T08:07:46Z,7.767,stop_loss,67222.61,67222.6,kalshi,KXBTCD-26APR0305-T67099.99,67100.0,polymarket,bitcoin-above-67400-on-april-3-2026-5am-et,67400.0,300.0,0.0913,30.0,18.0,48.0,5.0563,26.0,9.0,3.301,-1.7552,-17.5524,1.0
chunk_169_252,45.0,15.0,10.0,2026-04-06T22:00:00Z,2026-04-06T21:14:42Z,14.7,2026-04-06T21:14:43Z,14.717,stop_loss,69720.37,69720.37,polymarket,bitcoin-above-69600-on-april-6-2026-6pm-et,69600.0,kalshi,KXBTCD-26APR0618-T69899.99,69900.0,300.0,0.098767,29.0,15.0,44.0,4.6382,19.0,14.0,3.0992,-1.5391,-15.3906,1.0
chunk_169_252,45.0,20.0,10.0,2026-04-06T22:00:00Z,2026-04-06T21:14:42Z,14.7,2026-04-06T21:14:43Z,14.717,stop_loss,69720.37,69720.37,polymarket,bitcoin-above-69600-on-april-6-2026-6pm-et,69600.0,kalshi,KXBTCD-26APR0618-T69899.99,69900.0,300.0,0.098767,29.0,15.0,44.0,4.6382,19.0,14.0,3.0992,-1.5391,-15.3906,1.0
chunk_169_252,50.0,15.0,10.0,2026-04-06T22:00:00Z,2026-04-06T21:08:26Z,8.433,2026-04-06T21:08:27Z,8.45,stop_loss,69725.9,69725.9,polymarket,bitcoin-above-69600-on-april-6-2026-6pm-et,69600.0,kalshi,KXBTCD-26APR0618-T69899.99,69900.0,300.0,0.080333,29.0,20.0,49.0,5.1682,19.0,19.0,3.5792,-1.5891,-15.8906,1.0
chunk_169_252,50.0,20.0,10.0,2026-04-06T22:00:00Z,2026-04-06T21:08:26Z,8.433,2026-04-06T21:08:27Z,8.45,stop_loss,69725.9,69725.9,polymarket,bitcoin-above-69600-on-april-6-2026-6pm-et,69600.0,kalshi,KXBTCD-26APR0618-T69899.99,69900.0,300.0,0.080333,29.0,20.0,49.0,5.1682,19.0,19.0,3.5792,-1.5891,-15.8906,1.0
chunk_169_252,55.0,15.0,10.0,2026-04-06T22:00:00Z,2026-04-06T21:06:18Z,6.3,2026-04-06T21:06:19Z,6.317,stop_loss,69743.0,69743.0,polymarket,bitcoin-above-69600-on-april-6-2026-6pm-et,69600.0,kalshi,KXBTCD-26APR0618-T69899.99,69900.0,300.0,0.023333,29.0,25.0,54.0,5.6882,19.0,23.0,3.9592,-1.7291,-17.2906,1.0
chunk_169_252,55.0,20.0,10.0,2026-04-06T22:00:00Z,2026-04-06T21:06:18Z,6.3,2026-04-06T21:06:19Z,6.317,stop_loss,69743.0,69743.0,polymarket,bitcoin-above-69600-on-april-6-2026-6pm-et,69600.0,kalshi,KXBTCD-26APR0618-T69899.99,69900.0,300.0,0.023333,29.0,25.0,54.0,5.6882,19.0,23.0,3.9592,-1.7291,-17.2906,1.0
chunk_169_252,45.0,15.0,10.0,2026-04-07T13:00:00Z,2026-04-07T12:09:05Z,9.083,2026-04-07T12:09:06Z,9.1,stop_loss,68131.52,68131.53,polymarket,bitcoin-above-68000-on-april-7-2026-9am-et,68000.0,kalshi,KXBTCD-26APR0709-T68299.99,68300.0,300.0,0.0616,13.0,30.0,43.0,4.5314,7.0,30.0,3.5031,-1.0283,-10.283,1.0
chunk_169_252,45.0,20.0,10.0,2026-04-07T13:00:00Z,2026-04-07T12:09:05Z,9.083,2026-04-07T12:09:06Z,9.1,stop_loss,68131.52,68131.53,polymarket,bitcoin-above-68000-on-april-7-2026-9am-et,68000.0,kalshi,KXBTCD-26APR0709-T68299.99,68300.0,300.0,0.0616,13.0,30.0,43.0,4.5314,7.0,30.0,3.5031,-1.0283,-10.283,1.0
chunk_169_252,50.0,15.0,10.0,2026-04-07T13:00:00Z,2026-04-07T12:09:05Z,9.083,2026-04-07T12:09:06Z,9.1,stop_loss,68131.52,68131.53,polymarket,bitcoin-above-68000-on-april-7-2026-9am-et,68000.0,kalshi,KXBTCD-26APR0709-T68299.99,68300.0,300.0,0.0616,13.0,30.0,43.0,4.5314,7.0,30.0,3.5031,-1.0283,-10.283,1.0
chunk_169_252,50.0,20.0,10.0,2026-04-07T13:00:00Z,2026-04-07T12:09:05Z,9.083,2026-04-07T12:09:06Z,9.1,stop_loss,68131.52,68131.53,polymarket,bitcoin-above-68000-on-april-7-2026-9am-et,68000.0,kalshi,KXBTCD-26APR0709-T68299.99,68300.0,300.0,0.0616,13.0,30.0,43.0,4.5314,7.0,30.0,3.5031,-1.0283,-10.283,1.0
chunk_169_252,55.0,15.0,10.0,2026-04-07T13:00:00Z,2026-04-07T12:09:05Z,9.083,2026-04-07T12:09:06Z,9.1,stop_loss,68131.52,68131.53,polymarket,bitcoin-above-68000-on-april-7-2026-9am-et,68000.0,kalshi,KXBTCD-26APR0709-T68299.99,68300.0,300.0,0.0616,13.0,30.0,43.0,4.5314,7.0,30.0,3.5031,-1.0283,-10.283,1.0
chunk_169_252,55.0,20.0,10.0,2026-04-07T13:00:00Z,2026-04-07T12:09:05Z,9.083,2026-04-07T12:09:06Z,9.1,stop_loss,68131.52,68131.53,polymarket,bitcoin-above-68000-on-april-7-2026-9am-et,68000.0,kalshi,KXBTCD-26APR0709-T68299.99,68300.0,300.0,0.0616,13.0,30.0,43.0,4.5314,7.0,30.0,3.5031,-1.0283,-10.283,1.0
chunk_253_336,45.0,15.0,10.0,2026-04-09T22:00:00Z,2026-04-09T21:07:14Z,7.233,2026-04-09T21:07:15Z,7.25,take_profit,72663.87,72662.2,kalshi,KXBTCD-26APR0918-T72499.99,72500.0,polymarket,bitcoin-above-72800-on-april-9-2026-6pm-et,72800.0,300.0,0.046233,28.0,16.0,44.0,4.6468,70.0,7.0,7.5031,2.8564,28.5636,1.0
chunk_253_336,45.0,20.0,10.0,2026-04-09T22:00:00Z,2026-04-09T21:07:14Z,7.233,2026-04-09T21:07:15Z,7.25,take_profit,72663.87,72662.2,kalshi,KXBTCD-26APR0918-T72499.99,72500.0,polymarket,bitcoin-above-72800-on-april-9-2026-6pm-et,72800.0,300.0,0.046233,28.0,16.0,44.0,4.6468,70.0,7.0,7.5031,2.8564,28.5636,1.0
chunk_253_336,50.0,15.0,10.0,2026-04-09T22:00:00Z,2026-04-09T21:07:14Z,7.233,2026-04-09T21:07:15Z,7.25,take_profit,72663.87,72662.2,kalshi,KXBTCD-26APR0918-T72499.99,72500.0,polymarket,bitcoin-above-72800-on-april-9-2026-6pm-et,72800.0,300.0,0.046233,28.0,16.0,44.0,4.6468,70.0,7.0,7.5031,2.8564,28.5636,1.0
chunk_253_336,50.0,20.0,10.0,2026-04-09T22:00:00Z,2026-04-09T21:07:14Z,7.233,2026-04-09T21:07:15Z,7.25,take_profit,72663.87,72662.2,kalshi,KXBTCD-26APR0918-T72499.99,72500.0,polymarket,bitcoin-above-72800-on-april-9-2026-6pm-et,72800.0,300.0,0.046233,28.0,16.0,44.0,4.6468,70.0,7.0,7.5031,2.8564,28.5636,1.0
chunk_253_336,55.0,15.0,10.0,2026-04-09T22:00:00Z,2026-04-09T21:07:14Z,7.233,2026-04-09T21:07:15Z,7.25,take_profit,72663.87,72662.2,kalshi,KXBTCD-26APR0918-T72499.99,72500.0,polymarket,bitcoin-above-72800-on-april-9-2026-6pm-et,72800.0,300.0,0.046233,28.0,16.0,44.0,4.6468,70.0,7.0,7.5031,2.8564,28.5636,1.0
chunk_253_336,55.0,20.0,10.0,2026-04-09T22:00:00Z,2026-04-09T21:07:14Z,7.233,2026-04-09T21:07:15Z,7.25,take_profit,72663.87,72662.2,kalshi,KXBTCD-26APR0918-T72499.99,72500.0,polymarket,bitcoin-above-72800-on-april-9-2026-6pm-et,72800.0,300.0,0.046233,28.0,16.0,44.0,4.6468,70.0,7.0,7.5031,2.8564,28.5636,1.0
chunk_253_336,45.0,15.0,10.0,2026-04-10T04:00:00Z,2026-04-10T03:06:04Z,6.067,2026-04-10T03:06:05Z,6.083,stop_loss,71930.01,71930.01,polymarket,bitcoin-above-71800-on-april-10-2026-12am-et,71800.0,kalshi,KXBTCD-26APR1000-T72099.99,72100.0,300.0,0.066633,21.0,24.0,45.0,4.7494,13.0,23.0,3.3886,-1.3609,-13.6088,1.0
chunk_253_336,45.0,20.0,10.0,2026-04-10T04:00:00Z,2026-04-10T03:06:04Z,6.067,2026-04-10T03:06:05Z,6.083,stop_loss,71930.01,71930.01,polymarket,bitcoin-above-71800-on-april-10-2026-12am-et,71800.0,kalshi,KXBTCD-26APR1000-T72099.99,72100.0,300.0,0.066633,21.0,24.0,45.0,4.7494,13.0,23.0,3.3886,-1.3609,-13.6088,1.0
chunk_253_336,50.0,15.0,10.0,2026-04-10T04:00:00Z,2026-04-10T03:04:58Z,4.967,2026-04-10T03:04:59Z,4.983,stop_loss,71954.88,71954.87,polymarket,bitcoin-above-71800-on-april-10-2026-12am-et,71800.0,kalshi,KXBTCD-26APR1000-T72099.99,72100.0,300.0,0.016267,21.0,29.0,50.0,5.2694,13.0,26.0,3.6786,-1.5909,-15.9088,1.0
chunk_253_336,50.0,20.0,10.0,2026-04-10T04:00:00Z,2026-04-10T03:04:58Z,4.967,2026-04-10T03:04:59Z,4.983,stop_loss,71954.88,71954.87,polymarket,bitcoin-above-71800-on-april-10-2026-12am-et,71800.0,kalshi,KXBTCD-26APR1000-T72099.99,72100.0,300.0,0.016267,21.0,29.0,50.0,5.2694,13.0,26.0,3.6786,-1.5909,-15.9088,1.0
chunk_253_336,55.0,15.0,10.0,2026-04-10T04:00:00Z,2026-04-10T03:03:11Z,3.183,2026-04-10T03:03:12Z,3.2,stop_loss,71974.4,71974.39,polymarket,bitcoin-above-71800-on-april-10-2026-12am-et,71800.0,kalshi,KXBTCD-26APR1000-T72099.99,72100.0,300.0,0.081333,24.0,28.0,52.0,5.4813,17.0,27.0,4.1584,-1.3229,-13.2292,1.0
chunk_253_336,55.0,20.0,10.0,2026-04-10T04:00:00Z,2026-04-10T03:03:11Z,3.183,2026-04-10T03:03:12Z,3.2,stop_loss,71974.4,71974.39,polymarket,bitcoin-above-71800-on-april-10-2026-12am-et,71800.0,kalshi,KXBTCD-26APR1000-T72099.99,72100.0,300.0,0.081333,24.0,28.0,52.0,5.4813,17.0,27.0,4.1584,-1.3229,-13.2292,1.0
chunk_253_336,55.0,15.0,10.0,2026-04-10T15:00:00Z,2026-04-10T14:14:17Z,14.283,2026-04-10T14:40:00Z,40.0,time_stop,72678.32,73065.97,kalshi,KXBTCD-26APR1011-T72499.99,72500.0,polymarket,bitcoin-above-72800-on-april-10-2026-11am-et,72800.0,300.0,0.0944,28.0,24.0,52.0,5.4813,47.0,13.0,5.7386,0.2572,2.5724,1543.0
chunk_253_336,55.0,20.0,10.0,2026-04-10T15:00:00Z,2026-04-10T14:14:17Z,14.283,2026-04-10T14:40:00Z,40.0,time_stop,72678.32,73065.97,kalshi,KXBTCD-26APR1011-T72499.99,72500.0,polymarket,bitcoin-above-72800-on-april-10-2026-11am-et,72800.0,300.0,0.0944,28.0,24.0,52.0,5.4813,47.0,13.0,5.7386,0.2572,2.5724,1543.0
