hour_close_utc,seconds_in_entry_window,geometry_seconds_width_100_300,geometry_seconds_midpoint_ok,geometry_seconds_full_guardrails,had_any_full_guardrails,best_entry_cost_cents,best_entry_width_usd,best_entry_direction,best_entry_spot,chunk
2026-03-29T00:00:00Z,901,532,124,4,True,46.0,200.0,polymarket_low__kalshi_high,66495.04,chunk_001_084
2026-03-29T01:00:00Z,901,0,0,0,False,,,,,chunk_001_084
2026-03-29T02:00:00Z,901,634,0,0,False,,,,,chunk_001_084
2026-03-29T03:00:00Z,901,637,10,0,False,,,,,chunk_001_084
2026-03-29T04:00:00Z,901,547,0,0,False,,,,,chunk_001_084
2026-03-29T05:00:00Z,901,320,0,0,False,,,,,chunk_001_084
2026-03-29T06:00:00Z,901,116,0,0,False,,,,,chunk_001_084
2026-03-29T07:00:00Z,901,0,0,0,False,,,,,chunk_001_084
2026-03-29T08:00:00Z,901,0,0,0,False,,,,,chunk_001_084
2026-03-29T09:00:00Z,901,155,0,0,False,,,,,chunk_001_084
2026-03-29T10:00:00Z,901,552,0,0,False,,,,,chunk_001_084
2026-03-29T11:00:00Z,901,0,0,0,False,,,,,chunk_001_084
2026-03-29T12:00:00Z,901,264,11,0,False,,,,,chunk_001_084
2026-03-29T13:00:00Z,901,0,0,0,False,,,,,chunk_001_084
2026-03-29T14:00:00Z,901,408,135,130,True,41.0,300.0,polymarket_low__kalshi_high,66569.93,chunk_001_084
2026-03-29T15:00:00Z,901,199,0,0,False,,,,,chunk_001_084
2026-03-29T16:00:00Z,901,5,0,0,False,,,,,chunk_001_084
2026-03-29T17:00:00Z,901,161,0,0,False,,,,,chunk_001_084
2026-03-29T18:00:00Z,901,316,0,0,False,,,,,chunk_001_084
2026-03-29T19:00:00Z,901,0,0,0,False,,,,,chunk_001_084
2026-03-29T20:00:00Z,901,0,0,0,False,,,,,chunk_001_084
2026-03-29T21:00:00Z,901,0,0,0,False,,,,,chunk_001_084
2026-03-29T22:00:00Z,901,0,0,0,False,,,,,chunk_001_084
2026-03-29T23:00:00Z,901,635,300,32,True,40.0,300.0,polymarket_low__kalshi_high,66328.0,chunk_001_084
2026-03-30T00:00:00Z,901,566,18,0,False,,,,,chunk_001_084
2026-03-30T01:00:00Z,901,447,0,0,False,,,,,chunk_001_084
2026-03-30T02:00:00Z,901,0,0,0,False,,,,,chunk_001_084
2026-03-30T03:00:00Z,901,453,33,0,False,,,,,chunk_001_084
2026-03-30T04:00:00Z,901,656,138,0,False,,,,,chunk_001_084
2026-03-30T05:00:00Z,901,534,118,0,False,,,,,chunk_001_084
2026-03-30T06:00:00Z,901,65,0,0,False,,,,,chunk_001_084
2026-03-30T07:00:00Z,901,0,0,0,False,,,,,chunk_001_084
2026-03-30T08:00:00Z,901,105,0,0,False,,,,,chunk_001_084
2026-03-30T09:00:00Z,901,852,291,0,False,,,,,chunk_001_084
2026-03-30T10:00:00Z,901,709,0,0,False,,,,,chunk_001_084
2026-03-30T11:00:00Z,901,516,0,0,False,,,,,chunk_001_084
2026-03-30T12:00:00Z,901,728,0,0,False,,,,,chunk_001_084
2026-03-30T13:00:00Z,901,578,395,0,False,,,,,chunk_001_084
2026-03-30T14:00:00Z,901,465,0,0,False,,,,,chunk_001_084
2026-03-30T15:00:00Z,901,781,318,0,False,,,,,chunk_001_084
2026-03-30T16:00:00Z,901,639,330,0,False,,,,,chunk_001_084
2026-03-30T17:00:00Z,901,786,367,0,False,,,,,chunk_001_084
2026-03-30T18:00:00Z,901,479,20,18,True,49.0,300.0,polymarket_low__kalshi_high,67162.85,chunk_001_084
2026-03-30T19:00:00Z,901,799,268,0,False,,,,,chunk_001_084
2026-03-30T20:00:00Z,901,644,272,27,True,51.0,300.0,polymarket_low__kalshi_high,66523.99,chunk_001_084
2026-03-30T21:00:00Z,901,901,418,0,False,,,,,chunk_001_084
2026-03-30T22:00:00Z,901,79,0,0,False,,,,,chunk_001_084
2026-03-30T23:00:00Z,901,481,314,199,True,43.0,300.0,polymarket_low__kalshi_high,66729.09,chunk_001_084
2026-03-31T00:00:00Z,901,800,581,0,False,,,,,chunk_001_084
2026-03-31T01:00:00Z,901,277,17,17,True,46.0,300.0,polymarket_low__kalshi_high,66570.68,chunk_001_084
2026-03-31T02:00:00Z,901,0,0,0,False,,,,,chunk_001_084
2026-03-31T03:00:00Z,901,725,118,0,False,,,,,chunk_001_084
2026-03-31T04:00:00Z,901,0,0,0,False,,,,,chunk_001_084
2026-03-31T05:00:00Z,901,207,0,0,False,,,,,chunk_001_084
2026-03-31T06:00:00Z,901,230,0,0,False,,,,,chunk_001_084
2026-03-31T07:00:00Z,901,607,402,0,False,,,,,chunk_001_084
2026-03-31T08:00:00Z,901,115,0,0,False,,,,,chunk_001_084
2026-03-31T09:00:00Z,901,0,0,0,False,,,,,chunk_001_084
2026-03-31T10:00:00Z,901,760,362,0,False,,,,,chunk_001_084
2026-03-31T11:00:00Z,901,129,0,0,False,,,,,chunk_001_084
2026-03-31T12:00:00Z,901,507,107,0,False,,,,,chunk_001_084
2026-03-31T13:00:00Z,901,280,33,0,False,,,,,chunk_001_084
2026-03-31T14:00:00Z,901,0,0,0,False,,,,,chunk_001_084
2026-03-31T15:00:00Z,901,0,0,0,False,,,,,chunk_001_084
2026-03-31T16:00:00Z,901,0,0,0,False,,,,,chunk_001_084
2026-03-31T17:00:00Z,901,0,0,0,False,,,,,chunk_001_084
2026-03-31T18:00:00Z,901,615,397,0,False,,,,,chunk_001_084
2026-03-31T19:00:00Z,901,377,0,0,False,,,,,chunk_001_084
2026-03-31T20:00:00Z,901,421,0,0,False,,,,,chunk_001_084
2026-03-31T21:00:00Z,901,487,46,0,False,,,,,chunk_001_084
2026-03-31T22:00:00Z,901,118,0,0,False,,,,,chunk_001_084
2026-03-31T23:00:00Z,901,645,122,0,False,,,,,chunk_001_084
2026-04-01T00:00:00Z,901,584,426,0,False,,,,,chunk_001_084
2026-04-01T01:00:00Z,901,622,271,62,True,50.0,300.0,polymarket_low__kalshi_high,68143.75,chunk_001_084
2026-04-01T02:00:00Z,901,667,601,0,False,,,,,chunk_001_084
2026-04-01T03:00:00Z,901,659,115,75,True,40.0,300.0,polymarket_low__kalshi_high,67742.51,chunk_001_084
2026-04-01T04:00:00Z,901,787,174,0,False,,,,,chunk_001_084
2026-04-01T05:00:00Z,901,646,26,0,False,,,,,chunk_001_084
2026-04-01T17:00:00Z,901,141,0,0,False,,,,,chunk_085_168
2026-04-01T18:00:00Z,901,356,151,126,True,42.0,300.0,polymarket_low__kalshi_high,68732.44,chunk_085_168
2026-04-01T19:00:00Z,901,794,493,0,False,,,,,chunk_085_168
2026-04-01T20:00:00Z,901,25,0,0,False,,,,,chunk_085_168
2026-04-01T21:00:00Z,901,0,0,0,False,,,,,chunk_085_168
2026-04-01T22:00:00Z,901,298,0,0,False,,,,,chunk_085_168
2026-04-01T23:00:00Z,901,649,8,0,False,,,,,chunk_085_168
2026-04-02T00:00:00Z,901,0,0,0,False,,,,,chunk_085_168
2026-04-02T01:00:00Z,901,0,0,0,False,,,,,chunk_085_168
2026-04-02T02:00:00Z,901,404,194,0,False,,,,,chunk_085_168
2026-04-02T03:00:00Z,901,712,371,0,False,,,,,chunk_085_168
2026-04-02T04:00:00Z,901,556,73,0,False,,,,,chunk_085_168
2026-04-02T05:00:00Z,901,0,0,0,False,,,,,chunk_085_168
2026-04-02T10:00:00Z,901,770,325,20,True,40.0,300.0,polymarket_low__kalshi_high,66370.79,chunk_085_168
2026-04-02T11:00:00Z,901,211,0,0,False,,,,,chunk_085_168
2026-04-02T12:00:00Z,901,170,0,0,False,,,,,chunk_085_168
2026-04-02T13:00:00Z,901,665,289,0,False,,,,,chunk_085_168
2026-04-02T14:00:00Z,901,674,14,0,False,,,,,chunk_085_168
2026-04-02T15:00:00Z,901,658,408,0,False,,,,,chunk_085_168
2026-04-02T16:00:00Z,901,198,0,0,False,,,,,chunk_085_168
2026-04-02T17:00:00Z,901,344,0,0,False,,,,,chunk_085_168
2026-04-02T18:00:00Z,901,550,296,0,False,,,,,chunk_085_168
2026-04-02T19:00:00Z,901,564,447,0,False,,,,,chunk_085_168
2026-04-02T20:00:00Z,901,861,279,0,False,,,,,chunk_085_168
2026-04-02T21:00:00Z,901,0,0,0,False,,,,,chunk_085_168
2026-04-02T22:00:00Z,901,342,66,0,False,,,,,chunk_085_168
2026-04-02T23:00:00Z,901,728,0,0,False,,,,,chunk_085_168
2026-04-03T00:00:00Z,901,0,0,0,False,,,,,chunk_085_168
2026-04-03T01:00:00Z,901,0,0,0,False,,,,,chunk_085_168
2026-04-03T02:00:00Z,901,0,0,0,False,,,,,chunk_085_168
2026-04-03T03:00:00Z,901,336,0,0,False,,,,,chunk_085_168
2026-04-03T04:00:00Z,901,587,86,72,True,47.0,300.0,kalshi_low__polymarket_high,66666.65,chunk_085_168
2026-04-03T05:00:00Z,901,0,0,0,False,,,,,chunk_085_168
2026-04-03T06:00:00Z,901,0,0,0,False,,,,,chunk_085_168
2026-04-03T07:00:00Z,901,512,65,60,True,41.0,300.0,polymarket_low__kalshi_high,66570.35,chunk_085_168
2026-04-03T08:00:00Z,901,13,0,0,False,,,,,chunk_085_168
2026-04-03T09:00:00Z,901,439,217,161,True,40.0,300.0,kalshi_low__polymarket_high,67254.87,chunk_085_168
2026-04-03T10:00:00Z,901,381,0,0,False,,,,,chunk_085_168
2026-04-03T11:00:00Z,901,0,0,0,False,,,,,chunk_085_168
2026-04-03T12:00:00Z,901,10,0,0,False,,,,,chunk_085_168
2026-04-03T13:00:00Z,901,0,0,0,False,,,,,chunk_085_168
2026-04-03T14:00:00Z,901,646,40,0,False,,,,,chunk_085_168
2026-04-03T15:00:00Z,901,89,0,0,False,,,,,chunk_085_168
2026-04-03T16:00:00Z,901,875,14,0,False,,,,,chunk_085_168
2026-04-03T17:00:00Z,901,360,0,0,False,,,,,chunk_085_168
2026-04-03T18:00:00Z,901,0,0,0,False,,,,,chunk_085_168
2026-04-03T19:00:00Z,901,0,0,0,False,,,,,chunk_085_168
2026-04-03T20:00:00Z,901,0,0,0,False,,,,,chunk_085_168
2026-04-03T21:00:00Z,901,0,0,0,False,,,,,chunk_085_168
2026-04-03T22:00:00Z,901,0,0,0,False,,,,,chunk_085_168
2026-04-03T23:00:00Z,901,461,0,0,False,,,,,chunk_085_168
2026-04-04T00:00:00Z,901,545,0,0,False,,,,,chunk_085_168
2026-04-04T01:00:00Z,901,606,0,0,False,,,,,chunk_085_168
2026-04-04T02:00:00Z,901,436,0,0,False,,,,,chunk_085_168
2026-04-04T03:00:00Z,901,0,0,0,False,,,,,chunk_085_168
2026-04-04T04:00:00Z,901,0,0,0,False,,,,,chunk_085_168
2026-04-04T05:00:00Z,901,0,0,0,False,,,,,chunk_085_168
2026-04-04T06:00:00Z,901,0,0,0,False,,,,,chunk_085_168
2026-04-04T07:00:00Z,901,790,0,0,False,,,,,chunk_085_168
2026-04-04T08:00:00Z,901,0,0,0,False,,,,,chunk_085_168
2026-04-04T09:00:00Z,901,0,0,0,False,,,,,chunk_085_168
2026-04-04T10:00:00Z,901,0,0,0,False,,,,,chunk_085_168
2026-04-04T11:00:00Z,901,0,0,0,False,,,,,chunk_085_168
2026-04-04T12:00:00Z,901,0,0,0,False,,,,,chunk_085_168
2026-04-04T13:00:00Z,901,0,0,0,False,,,,,chunk_085_168
2026-04-04T14:00:00Z,901,0,0,0,False,,,,,chunk_085_168
2026-04-04T15:00:00Z,901,0,0,0,False,,,,,chunk_085_168
2026-04-04T16:00:00Z,901,639,389,0,False,,,,,chunk_085_168
2026-04-04T17:00:00Z,901,0,0,0,False,,,,,chunk_085_168
2026-04-04T18:00:00Z,901,0,0,0,False,,,,,chunk_085_168
2026-04-04T19:00:00Z,901,0,0,0,False,,,,,chunk_085_168
2026-04-04T20:00:00Z,901,0,0,0,False,,,,,chunk_085_168
2026-04-04T21:00:00Z,901,0,0,0,False,,,,,chunk_085_168
2026-04-04T22:00:00Z,901,0,0,0,False,,,,,chunk_085_168
2026-04-04T23:00:00Z,901,663,0,0,False,,,,,chunk_085_168
2026-04-05T00:00:00Z,901,0,0,0,False,,,,,chunk_169_252
2026-04-05T01:00:00Z,901,94,0,0,False,,,,,chunk_169_252
2026-04-05T02:00:00Z,901,0,0,0,False,,,,,chunk_169_252
2026-04-05T03:00:00Z,901,0,0,0,False,,,,,chunk_169_252
2026-04-05T04:00:00Z,901,0,0,0,False,,,,,chunk_169_252
2026-04-05T05:00:00Z,901,215,0,0,False,,,,,chunk_169_252
2026-04-05T06:00:00Z,901,0,0,0,False,,,,,chunk_169_252
2026-04-05T07:00:00Z,901,564,220,0,False,,,,,chunk_169_252
2026-04-05T08:00:00Z,901,18,0,0,False,,,,,chunk_169_252
2026-04-05T09:00:00Z,901,0,0,0,False,,,,,chunk_169_252
2026-04-05T10:00:00Z,901,742,0,0,False,,,,,chunk_169_252
2026-04-05T11:00:00Z,901,0,0,0,False,,,,,chunk_169_252
2026-04-05T12:00:00Z,901,628,0,0,False,,,,,chunk_169_252
2026-04-05T13:00:00Z,901,0,0,0,False,,,,,chunk_169_252
2026-04-05T14:00:00Z,901,0,0,0,False,,,,,chunk_169_252
2026-04-05T15:00:00Z,901,604,0,0,False,,,,,chunk_169_252
2026-04-05T16:00:00Z,901,251,0,0,False,,,,,chunk_169_252
2026-04-05T17:00:00Z,901,42,0,0,False,,,,,chunk_169_252
2026-04-05T18:00:00Z,901,0,0,0,False,,,,,chunk_169_252
2026-04-05T19:00:00Z,901,122,0,0,False,,,,,chunk_169_252
2026-04-05T20:00:00Z,901,0,0,0,False,,,,,chunk_169_252
2026-04-05T21:00:00Z,901,0,0,0,False,,,,,chunk_169_252
2026-04-05T22:00:00Z,901,65,0,0,False,,,,,chunk_169_252
2026-04-05T23:00:00Z,901,744,367,0,False,,,,,chunk_169_252
2026-04-06T00:00:00Z,901,810,471,0,False,,,,,chunk_169_252
2026-04-06T01:00:00Z,901,352,132,0,False,,,,,chunk_169_252
2026-04-06T02:00:00Z,901,0,0,0,False,,,,,chunk_169_252
2026-04-06T03:00:00Z,901,332,35,0,False,,,,,chunk_169_252
2026-04-06T04:00:00Z,901,0,0,0,False,,,,,chunk_169_252
2026-04-06T05:00:00Z,901,435,0,0,False,,,,,chunk_169_252
2026-04-06T06:00:00Z,901,0,0,0,False,,,,,chunk_169_252
2026-04-06T07:00:00Z,901,224,0,0,False,,,,,chunk_169_252
2026-04-06T08:00:00Z,901,516,0,0,False,,,,,chunk_169_252
2026-04-06T09:00:00Z,901,613,0,0,False,,,,,chunk_169_252
2026-04-06T10:00:00Z,901,314,207,0,False,,,,,chunk_169_252
2026-04-06T11:00:00Z,901,0,0,0,False,,,,,chunk_169_252
2026-04-06T12:00:00Z,901,0,0,0,False,,,,,chunk_169_252
2026-04-06T13:00:00Z,901,0,0,0,False,,,,,chunk_169_252
2026-04-06T14:00:00Z,901,696,0,0,False,,,,,chunk_169_252
2026-04-06T15:00:00Z,901,546,2,0,False,,,,,chunk_169_252
2026-04-06T16:00:00Z,901,841,572,0,False,,,,,chunk_169_252
2026-04-06T17:00:00Z,901,570,94,0,False,,,,,chunk_169_252
2026-04-06T18:00:00Z,901,692,266,0,False,,,,,chunk_169_252
2026-04-06T19:00:00Z,901,191,0,0,False,,,,,chunk_169_252
2026-04-06T20:00:00Z,901,465,0,0,False,,,,,chunk_169_252
2026-04-06T21:00:00Z,901,0,0,0,False,,,,,chunk_169_252
2026-04-06T22:00:00Z,901,787,777,99,True,44.0,300.0,polymarket_low__kalshi_high,69720.37,chunk_169_252
2026-04-06T23:00:00Z,901,0,0,0,False,,,,,chunk_169_252
2026-04-07T00:00:00Z,901,0,0,0,False,,,,,chunk_169_252
2026-04-07T01:00:00Z,901,636,66,0,False,,,,,chunk_169_252
2026-04-07T02:00:00Z,901,0,0,0,False,,,,,chunk_169_252
2026-04-07T03:00:00Z,901,791,92,0,False,,,,,chunk_169_252
2026-04-07T04:00:00Z,901,0,0,0,False,,,,,chunk_169_252
2026-04-07T05:00:00Z,901,529,0,0,False,,,,,chunk_169_252
2026-04-07T06:00:00Z,901,0,0,0,False,,,,,chunk_169_252
2026-04-07T07:00:00Z,901,795,261,0,False,,,,,chunk_169_252
2026-04-07T08:00:00Z,901,0,0,0,False,,,,,chunk_169_252
2026-04-07T09:00:00Z,901,322,3,0,False,,,,,chunk_169_252
2026-04-07T10:00:00Z,901,871,147,0,False,,,,,chunk_169_252
2026-04-07T11:00:00Z,901,617,324,0,False,,,,,chunk_169_252
2026-04-07T12:00:00Z,901,823,559,0,False,,,,,chunk_169_252
2026-04-07T13:00:00Z,901,488,201,1,True,43.0,300.0,polymarket_low__kalshi_high,68131.52,chunk_169_252
2026-04-07T14:00:00Z,901,548,106,0,False,,,,,chunk_169_252
2026-04-07T15:00:00Z,901,559,443,0,False,,,,,chunk_169_252
2026-04-07T16:00:00Z,901,638,96,0,False,,,,,chunk_169_252
2026-04-07T17:00:00Z,901,97,8,0,False,,,,,chunk_169_252
2026-04-07T18:00:00Z,901,62,0,0,False,,,,,chunk_169_252
2026-04-07T19:00:00Z,901,438,0,0,False,,,,,chunk_169_252
2026-04-07T20:00:00Z,901,0,0,0,False,,,,,chunk_169_252
2026-04-07T21:00:00Z,901,0,0,0,False,,,,,chunk_169_252
2026-04-07T22:00:00Z,901,644,400,0,False,,,,,chunk_169_252
2026-04-07T23:00:00Z,901,541,229,0,False,,,,,chunk_169_252
2026-04-08T00:00:00Z,901,399,223,0,False,,,,,chunk_169_252
2026-04-08T01:00:00Z,901,221,0,0,False,,,,,chunk_169_252
2026-04-08T02:00:00Z,901,353,313,0,False,,,,,chunk_169_252
2026-04-08T03:00:00Z,901,123,0,0,False,,,,,chunk_169_252
2026-04-08T04:00:00Z,901,11,0,0,False,,,,,chunk_169_252
2026-04-08T05:00:00Z,901,282,0,0,False,,,,,chunk_169_252
2026-04-08T06:00:00Z,901,0,0,0,False,,,,,chunk_169_252
2026-04-08T07:00:00Z,901,462,0,0,False,,,,,chunk_169_252
2026-04-08T08:00:00Z,901,421,0,0,False,,,,,chunk_169_252
2026-04-08T09:00:00Z,901,194,0,0,False,,,,,chunk_169_252
2026-04-08T10:00:00Z,901,144,0,0,False,,,,,chunk_169_252
2026-04-08T11:00:00Z,901,325,0,0,False,,,,,chunk_169_252
2026-04-08T12:00:00Z,901,0,0,0,False,,,,,chunk_253_336
2026-04-08T13:00:00Z,901,585,116,0,False,,,,,chunk_253_336
2026-04-08T14:00:00Z,901,559,322,0,False,,,,,chunk_253_336
2026-04-08T15:00:00Z,901,646,241,0,False,,,,,chunk_253_336
2026-04-08T16:00:00Z,901,845,397,0,False,,,,,chunk_253_336
2026-04-08T17:00:00Z,901,626,47,0,False,,,,,chunk_253_336
2026-04-08T18:00:00Z,901,856,590,0,False,,,,,chunk_253_336
2026-04-08T19:00:00Z,901,84,0,0,False,,,,,chunk_253_336
2026-04-08T20:00:00Z,901,567,215,0,False,,,,,chunk_253_336
2026-04-08T21:00:00Z,901,0,0,0,False,,,,,chunk_253_336
2026-04-08T22:00:00Z,901,228,0,0,False,,,,,chunk_253_336
2026-04-08T23:00:00Z,901,496,0,0,False,,,,,chunk_253_336
2026-04-09T00:00:00Z,901,619,317,0,False,,,,,chunk_253_336
2026-04-09T01:00:00Z,901,62,0,0,False,,,,,chunk_253_336
2026-04-09T02:00:00Z,901,445,158,0,False,,,,,chunk_253_336
2026-04-09T03:00:00Z,901,414,0,0,False,,,,,chunk_253_336
2026-04-09T04:00:00Z,901,0,0,0,False,,,,,chunk_253_336
2026-04-09T05:00:00Z,901,16,0,0,False,,,,,chunk_253_336
2026-04-09T10:00:00Z,901,170,0,0,False,,,,,chunk_253_336
2026-04-09T11:00:00Z,901,627,196,0,False,,,,,chunk_253_336
2026-04-09T12:00:00Z,901,438,0,0,False,,,,,chunk_253_336
2026-04-09T13:00:00Z,901,0,0,0,False,,,,,chunk_253_336
2026-04-09T14:00:00Z,901,0,0,0,False,,,,,chunk_253_336
2026-04-09T15:00:00Z,901,712,495,0,False,,,,,chunk_253_336
2026-04-09T16:00:00Z,901,571,214,0,False,,,,,chunk_253_336
2026-04-09T17:00:00Z,901,773,374,0,False,,,,,chunk_253_336
2026-04-09T18:00:00Z,901,828,627,0,False,,,,,chunk_253_336
2026-04-09T19:00:00Z,901,725,174,0,False,,,,,chunk_253_336
2026-04-09T20:00:00Z,901,16,0,0,False,,,,,chunk_253_336
2026-04-09T21:00:00Z,901,0,0,0,False,,,,,chunk_253_336
2026-04-09T22:00:00Z,901,345,56,43,True,40.0,300.0,kalshi_low__polymarket_high,72672.61,chunk_253_336
2026-04-09T23:00:00Z,901,576,209,0,False,,,,,chunk_253_336
2026-04-10T00:00:00Z,901,879,484,0,False,,,,,chunk_253_336
2026-04-10T01:00:00Z,901,0,0,0,False,,,,,chunk_253_336
2026-04-10T02:00:00Z,901,374,147,0,False,,,,,chunk_253_336
2026-04-10T03:00:00Z,901,827,328,0,False,,,,,chunk_253_336
2026-04-10T04:00:00Z,901,782,654,227,True,42.0,300.0,polymarket_low__kalshi_high,71923.69,chunk_253_336
2026-04-10T05:00:00Z,901,261,0,0,False,,,,,chunk_253_336
2026-04-10T06:00:00Z,901,201,0,0,False,,,,,chunk_253_336
2026-04-10T07:00:00Z,901,339,0,0,False,,,,,chunk_253_336
2026-04-10T08:00:00Z,901,0,0,0,False,,,,,chunk_253_336
2026-04-10T09:00:00Z,901,868,328,0,False,,,,,chunk_253_336
2026-04-10T10:00:00Z,901,666,0,0,False,,,,,chunk_253_336
2026-04-10T11:00:00Z,901,0,0,0,False,,,,,chunk_253_336
2026-04-10T12:00:00Z,901,875,408,0,False,,,,,chunk_253_336
2026-04-10T13:00:00Z,901,51,0,0,False,,,,,chunk_253_336
2026-04-10T14:00:00Z,901,0,0,0,False,,,,,chunk_253_336
2026-04-10T15:00:00Z,901,684,447,30,True,52.0,300.0,kalshi_low__polymarket_high,72678.32,chunk_253_336
2026-04-10T16:00:00Z,901,132,0,0,False,,,,,chunk_253_336
2026-04-10T17:00:00Z,901,823,440,0,False,,,,,chunk_253_336
2026-04-10T18:00:00Z,901,203,0,0,False,,,,,chunk_253_336
2026-04-10T19:00:00Z,901,738,231,0,False,,,,,chunk_253_336
2026-04-10T20:00:00Z,901,769,85,0,False,,,,,chunk_253_336
2026-04-10T21:00:00Z,901,0,0,0,False,,,,,chunk_253_336
2026-04-10T22:00:00Z,901,680,304,0,False,,,,,chunk_253_336
2026-04-10T23:00:00Z,901,596,46,0,False,,,,,chunk_253_336
2026-04-11T00:00:00Z,901,0,0,0,False,,,,,chunk_253_336
2026-04-11T01:00:00Z,901,0,0,0,False,,,,,chunk_253_336
2026-04-11T02:00:00Z,901,0,0,0,False,,,,,chunk_253_336
2026-04-11T03:00:00Z,901,0,0,0,False,,,,,chunk_253_336
2026-04-11T04:00:00Z,901,0,0,0,False,,,,,chunk_253_336
2026-04-11T05:00:00Z,901,208,0,0,False,,,,,chunk_253_336
2026-04-11T06:00:00Z,901,6,0,0,False,,,,,chunk_253_336
2026-04-11T07:00:00Z,901,698,0,0,False,,,,,chunk_253_336
2026-04-11T08:00:00Z,901,0,0,0,False,,,,,chunk_253_336
2026-04-11T09:00:00Z,901,0,0,0,False,,,,,chunk_253_336
2026-04-11T10:00:00Z,901,0,0,0,False,,,,,chunk_253_336
2026-04-11T11:00:00Z,901,0,0,0,False,,,,,chunk_253_336
2026-04-11T12:00:00Z,901,0,0,0,False,,,,,chunk_253_336
2026-04-11T13:00:00Z,901,755,0,0,False,,,,,chunk_253_336
2026-04-11T14:00:00Z,901,283,66,0,False,,,,,chunk_253_336
2026-04-11T15:00:00Z,901,406,0,0,False,,,,,chunk_253_336
2026-04-11T16:00:00Z,901,111,0,0,False,,,,,chunk_253_336
2026-04-11T17:00:00Z,901,0,0,0,False,,,,,chunk_253_336
2026-04-11T18:00:00Z,901,0,0,0,False,,,,,chunk_253_336
2026-04-11T19:00:00Z,901,746,0,0,False,,,,,chunk_253_336
2026-04-11T20:00:00Z,901,51,0,0,False,,,,,chunk_253_336
2026-04-11T21:00:00Z,901,62,0,0,False,,,,,chunk_253_336
2026-04-11T22:00:00Z,901,0,0,0,False,,,,,chunk_253_336
2026-04-11T23:00:00Z,901,494,0,0,False,,,,,chunk_253_336
